[{"name":"mushfiq","email":"m@gmail.com","username":"mushfiq1","password":"abc@1234","confirmpassword":"abc@1234","gender":"Male","dateofbirth":"2000-1-05"},
    {"name":"mushfiq","email":"mr@gmail.com","username":"mushfiq2","password":"abc1@1234","confirmpassword":"abc1@1234","gender":"Male","dateofbirth":"2000-2-10"},
    {"name":"rony","email":"r@gmail.com","username":"rony1","password":"abc@1234","confirmpassword":"abc@1234","gender":"Male","dateofbirth":"2000-03-15"},
    {"name":"tanvir","email":"t@gmail.com","username":"tanvir1","password":"abc@1234","confirmpassword":"abc@1234","gender":"Male","dateofbirth":"2000-04-20"}]
